{"sum": 7019322.0, "avr": 179.55444708771392, "sumMD": 27081.0, "avrMD": 108.75903614457832, "sumSD": 26564.0, "avrSD": 106.68273092369478, "max": 327.0, "min": 33.0}